SerialNo,fileName
00ï»¿Seria,device not found in Vision DB
0018070549,No FOTA files available for this device
0018070753,No FOTA files available for this device
0018070574,No FOTA files available for this device
0018090843,No FOTA files available for this device
0018040057,No FOTA files available for this device
0018000999,No FOTA files available for this device
0018090865,ASD_OTA-SW_v1.1.tar.gz
0018040132,ASD_OTA-SW_v1.1.tar.gz
0018040066,ASD_OTA-SW_v1.1.tar.gz
0018040258,ASD_OTA-SW_v1.1.tar.gz
0018070533,No FOTA files available for this device
0018040057,No FOTA files available for this device
0018090843,No FOTA files available for this device
0018111189,No FOTA files available for this device
0018070759,No FOTA files available for this device
0018090907,ASD_OTA-SW_v1.1.tar.gz
0018070510,No FOTA files available for this device
0018070708,No FOTA files available for this device
0018040031,No FOTA files available for this device
0018070525,No FOTA files available for this device
0018070752,No FOTA files available for this device
0018040266,No FOTA files available for this device
0018040342,No FOTA files available for this device
0018040286,No FOTA files available for this device
0018070560,No FOTA files available for this device
0018091003,No FOTA files available for this device
0018090850,No FOTA files available for this device
0018070785,No FOTA files available for this device
0018040173,No FOTA files available for this device
0018090910,No FOTA files available for this device
0018111128,No FOTA files available for this device
0018111123,No FOTA files available for this device
0018040304,No FOTA files available for this device
0018040133,No FOTA files available for this device
0018091015,No FOTA files available for this device
0018040333,No FOTA files available for this device
0018040300,No FOTA files available for this device
0018111144,No FOTA files available for this device
0018111029,No FOTA files available for this device
0018040269,No FOTA files available for this device
0018090985,No FOTA files available for this device
0018111057,No FOTA files available for this device
0018090827,No FOTA files available for this device
0018090896,No FOTA files available for this device
0018040046,No FOTA files available for this device
0018070704,No FOTA files available for this device
0018070598,No FOTA files available for this device
0018111079,No FOTA files available for this device
0018090861,No FOTA files available for this device
0018040232,No FOTA files available for this device
0018111060,No FOTA files available for this device
0018040361,No FOTA files available for this device
0018070738,No FOTA files available for this device
0018040205,No FOTA files available for this device
0018070579,No FOTA files available for this device
0018070778,No FOTA files available for this device
0018091012,No FOTA files available for this device
0018070801,No FOTA files available for this device
0018040164,No FOTA files available for this device
0018070665,No FOTA files available for this device
0018040103,No FOTA files available for this device
0018040115,No FOTA files available for this device
0018090965,No FOTA files available for this device
0018070419,No FOTA files available for this device
0018111084,No FOTA files available for this device
0018070695,No FOTA files available for this device
0018040152,No FOTA files available for this device
0018070616,No FOTA files available for this device
0018111124,No FOTA files available for this device
0018111207,No FOTA files available for this device
0018040356,No FOTA files available for this device
0018040139,No FOTA files available for this device
0018040255,No FOTA files available for this device
0018090905,No FOTA files available for this device
0018090969,No FOTA files available for this device
0018090835,No FOTA files available for this device
0018040369,No FOTA files available for this device
0018040334,No FOTA files available for this device
0018111164,No FOTA files available for this device
0018040267,No FOTA files available for this device
0018070524,No FOTA files available for this device
0018070694,No FOTA files available for this device
0018070589,No FOTA files available for this device
0018040214,No FOTA files available for this device
0018040390,No FOTA files available for this device
0018090936,No FOTA files available for this device
0018111025,No FOTA files available for this device
0018090836,No FOTA files available for this device
0018091008,No FOTA files available for this device
0018040142,No FOTA files available for this device
0018040113,No FOTA files available for this device
0018111169,No FOTA files available for this device
0018070615,No FOTA files available for this device
0018111081,No FOTA files available for this device
0018070433,No FOTA files available for this device
0018070450,No FOTA files available for this device
0018090838,No FOTA files available for this device
0018040337,No FOTA files available for this device
0018070754,No FOTA files available for this device
0018070469,No FOTA files available for this device
0018040143,No FOTA files available for this device
0018090816,No FOTA files available for this device
0018111093,No FOTA files available for this device
0018111054,No FOTA files available for this device
0018040175,No FOTA files available for this device
0018040318,No FOTA files available for this device
0018040148,No FOTA files available for this device
0018040380,No FOTA files available for this device
0018070783,No FOTA files available for this device
0018111040,No FOTA files available for this device
0018040192,No FOTA files available for this device
0018090899,No FOTA files available for this device
0018090913,No FOTA files available for this device
0018070644,No FOTA files available for this device
0018090897,No FOTA files available for this device
0018040141,No FOTA files available for this device
0018090963,No FOTA files available for this device
0018070499,No FOTA files available for this device
0018090834,No FOTA files available for this device
0018040393,No FOTA files available for this device
0018040246,No FOTA files available for this device
0018040316,No FOTA files available for this device
0018090986,No FOTA files available for this device
0018070577,No FOTA files available for this device
0018040096,No FOTA files available for this device
0018070800,No FOTA files available for this device
0018070586,No FOTA files available for this device
0018090909,No FOTA files available for this device
0018090832,No FOTA files available for this device
0018040136,No FOTA files available for this device
0018070426,No FOTA files available for this device
0018040236,No FOTA files available for this device
0018040149,No FOTA files available for this device
0018070718,No FOTA files available for this device
0018040171,No FOTA files available for this device
0018070804,No FOTA files available for this device
0018070529,No FOTA files available for this device
0018111074,No FOTA files available for this device
0018070681,No FOTA files available for this device
0018111065,No FOTA files available for this device
0018040093,No FOTA files available for this device
0018070719,No FOTA files available for this device
0018111038,No FOTA files available for this device
0018070470,No FOTA files available for this device
0018070730,No FOTA files available for this device
0018070617,No FOTA files available for this device
0018040028,No FOTA files available for this device
0018040367,No FOTA files available for this device
0018070434,No FOTA files available for this device
0018070520,No FOTA files available for this device
0018111036,No FOTA files available for this device
0018070603,No FOTA files available for this device
0018091005,No FOTA files available for this device
0018070523,No FOTA files available for this device
0018040264,No FOTA files available for this device
0018040375,No FOTA files available for this device
0018040377,No FOTA files available for this device
0018040048,No FOTA files available for this device
0018070570,No FOTA files available for this device
0018040140,No FOTA files available for this device
0018040242,No FOTA files available for this device
0018091018,No FOTA files available for this device
0018070563,No FOTA files available for this device
0018090893,No FOTA files available for this device
0018111044,No FOTA files available for this device
0018111037,No FOTA files available for this device
0018070582,No FOTA files available for this device
0018040210,No FOTA files available for this device
0018090842,No FOTA files available for this device
0018070802,No FOTA files available for this device
0018040327,No FOTA files available for this device
0018040120,No FOTA files available for this device
0018070453,No FOTA files available for this device
0018090883,No FOTA files available for this device
0018040137,No FOTA files available for this device
0018111075,No FOTA files available for this device
0018070442,No FOTA files available for this device
0018090833,No FOTA files available for this device
0018111078,No FOTA files available for this device
0018090824,No FOTA files available for this device
0018070558,No FOTA files available for this device
0018070556,No FOTA files available for this device
0018040277,No FOTA files available for this device
0018111153,No FOTA files available for this device
0018040085,No FOTA files available for this device
0018111067,No FOTA files available for this device
0018090978,No FOTA files available for this device
0018070796,No FOTA files available for this device
0018070774,No FOTA files available for this device
0018040067,No FOTA files available for this device
0018040187,No FOTA files available for this device
0018070747,No FOTA files available for this device
0018111072,No FOTA files available for this device
0018070440,No FOTA files available for this device
0018070770,No FOTA files available for this device
0018090889,No FOTA files available for this device
0018040076,No FOTA files available for this device
0018070798,No FOTA files available for this device
0018040106,No FOTA files available for this device
0018070508,No FOTA files available for this device
0018040217,No FOTA files available for this device
0018070599,No FOTA files available for this device
0018070602,No FOTA files available for this device
0018040045,No FOTA files available for this device
0018090822,No FOTA files available for this device
0018070687,No FOTA files available for this device
0018040108,No FOTA files available for this device
0018070809,No FOTA files available for this device
0018070547,No FOTA files available for this device
0018090871,No FOTA files available for this device
0018040098,No FOTA files available for this device
0018040254,No FOTA files available for this device
0018040070,No FOTA files available for this device
0018040154,No FOTA files available for this device
0018040053,No FOTA files available for this device
0018040163,No FOTA files available for this device
0018090904,No FOTA files available for this device
0018040161,No FOTA files available for this device
0018090815,No FOTA files available for this device
0018040311,No FOTA files available for this device
0018040374,No FOTA files available for this device
0018070789,No FOTA files available for this device
0018070717,No FOTA files available for this device
0018040034,No FOTA files available for this device
0018070479,No FOTA files available for this device
0018090955,No FOTA files available for this device
0018040074,No FOTA files available for this device
0018070597,No FOTA files available for this device
0018040270,No FOTA files available for this device
0018040073,No FOTA files available for this device
0018070640,No FOTA files available for this device
0018040343,No FOTA files available for this device
0018091009,No FOTA files available for this device
0018111195,No FOTA files available for this device
0018040243,No FOTA files available for this device
0018090813,No FOTA files available for this device
0018040114,No FOTA files available for this device
0018040146,No FOTA files available for this device
0018111187,No FOTA files available for this device
0018040340,No FOTA files available for this device
0018070515,No FOTA files available for this device
0018090916,No FOTA files available for this device
0018090987,No FOTA files available for this device
0018040288,No FOTA files available for this device
0018040167,No FOTA files available for this device
0018070710,No FOTA files available for this device
0018040332,No FOTA files available for this device
0018040177,No FOTA files available for this device
0018040251,No FOTA files available for this device
0018040381,No FOTA files available for this device
0018040202,No FOTA files available for this device
0018040323,No FOTA files available for this device
0018111220,No FOTA files available for this device
0018040285,No FOTA files available for this device
0018111217,No FOTA files available for this device
0018111134,No FOTA files available for this device
0018090981,No FOTA files available for this device
0018040182,No FOTA files available for this device
0018070662,No FOTA files available for this device
0018070447,No FOTA files available for this device
0018040357,No FOTA files available for this device
0018040314,No FOTA files available for this device
0018111096,No FOTA files available for this device
0018111087,No FOTA files available for this device
0018040385,No FOTA files available for this device
0018070566,No FOTA files available for this device
0018090994,No FOTA files available for this device
0018070449,No FOTA files available for this device
0018040344,No FOTA files available for this device
0018090993,No FOTA files available for this device
0018090945,No FOTA files available for this device
0018040297,No FOTA files available for this device
0018040382,No FOTA files available for this device
0018111140,No FOTA files available for this device
0018090988,No FOTA files available for this device
0018070733,No FOTA files available for this device
0018070504,No FOTA files available for this device
0018090853,No FOTA files available for this device
0018040241,No FOTA files available for this device
0018040252,No FOTA files available for this device
0018090921,No FOTA files available for this device
0018090934,No FOTA files available for this device
0018040204,No FOTA files available for this device
0018040250,No FOTA files available for this device
0018111059,No FOTA files available for this device
0018111189,No FOTA files available for this device
0018090843,No FOTA files available for this device
0018111158,No FOTA files available for this device
0018040057,No FOTA files available for this device
0018040122,No FOTA files available for this device
0018070787,No FOTA files available for this device
0018040345,No FOTA files available for this device
0018111147,No FOTA files available for this device
0018040287,No FOTA files available for this device
0018090983,No FOTA files available for this device
0018070498,No FOTA files available for this device
0018111126,No FOTA files available for this device
0018090810,No FOTA files available for this device
0018040125,No FOTA files available for this device
0018070432,No FOTA files available for this device
0018111071,No FOTA files available for this device
0018040256,No FOTA files available for this device
0018090951,No FOTA files available for this device
0018040305,No FOTA files available for this device
0018040278,No FOTA files available for this device
0018090851,No FOTA files available for this device
0018111094,No FOTA files available for this device
0018090952,No FOTA files available for this device
0018070553,No FOTA files available for this device
0018111088,No FOTA files available for this device
0018070775,No FOTA files available for this device
0018070435,No FOTA files available for this device
0018040150,No FOTA files available for this device
0018040135,No FOTA files available for this device
0018111175,No FOTA files available for this device
0018040307,No FOTA files available for this device
0018040290,No FOTA files available for this device
0018070487,No FOTA files available for this device
0018111066,No FOTA files available for this device
0018070613,No FOTA files available for this device
0018090884,No FOTA files available for this device
0018040107,No FOTA files available for this device
0018091000,No FOTA files available for this device
0018070701,No FOTA files available for this device
0018040203,No FOTA files available for this device
0018111127,No FOTA files available for this device
0018040372,No FOTA files available for this device
0018070696,No FOTA files available for this device
0018040354,No FOTA files available for this device
0018090941,No FOTA files available for this device
0018091001,No FOTA files available for this device
0018090814,No FOTA files available for this device
0018070705,No FOTA files available for this device
0018040104,No FOTA files available for this device
0018040301,No FOTA files available for this device
0018040309,No FOTA files available for this device
0018070686,No FOTA files available for this device
0018111190,No FOTA files available for this device
0018111215,No FOTA files available for this device
0018040227,No FOTA files available for this device
0018090845,No FOTA files available for this device
0018090858,No FOTA files available for this device
0018070724,No FOTA files available for this device
0018070472,No FOTA files available for this device
0018090957,No FOTA files available for this device
0018040319,No FOTA files available for this device
0018070786,No FOTA files available for this device
0018090974,No FOTA files available for this device
0018090875,No FOTA files available for this device
0018070517,No FOTA files available for this device
0018111188,No FOTA files available for this device
0018040328,No FOTA files available for this device
0018040156,No FOTA files available for this device
0018040338,No FOTA files available for this device
0018040330,No FOTA files available for this device
0018111023,No FOTA files available for this device
0018040116,No FOTA files available for this device
0018090852,No FOTA files available for this device
0018111028,No FOTA files available for this device
0018090982,No FOTA files available for this device
0018090867,No FOTA files available for this device
0018070773,No FOTA files available for this device
0018070486,No FOTA files available for this device
0018070758,No FOTA files available for this device
0018111097,No FOTA files available for this device
0018040326,No FOTA files available for this device
0018090856,No FOTA files available for this device
0018040181,No FOTA files available for this device
0018111199,No FOTA files available for this device
0018040260,No FOTA files available for this device
0018090927,No FOTA files available for this device
0018040183,No FOTA files available for this device
0018111039,No FOTA files available for this device
0018040346,No FOTA files available for this device
0018040395,No FOTA files available for this device
0018090821,No FOTA files available for this device
0018040394,No FOTA files available for this device
0018040091,No FOTA files available for this device
0018091006,No FOTA files available for this device
0018040388,No FOTA files available for this device
0018070641,No FOTA files available for this device
0018040039,No FOTA files available for this device
0018070540,No FOTA files available for this device
0018040222,No FOTA files available for this device
0018040118,No FOTA files available for this device
0018070669,No FOTA files available for this device
0018111034,No FOTA files available for this device
0018040176,No FOTA files available for this device
0018040166,No FOTA files available for this device
0018070484,No FOTA files available for this device
0018111181,No FOTA files available for this device
0018040165,No FOTA files available for this device
0018040201,No FOTA files available for this device
0018090895,No FOTA files available for this device
0018111053,No FOTA files available for this device
0018040315,No FOTA files available for this device
0018090966,No FOTA files available for this device
0018090997,No FOTA files available for this device
0018111211,No FOTA files available for this device
0018090869,No FOTA files available for this device
0018040272,No FOTA files available for this device
0018070448,No FOTA files available for this device
0018070663,No FOTA files available for this device
0018070782,No FOTA files available for this device
0018090885,No FOTA files available for this device
0018040253,No FOTA files available for this device
0018070682,No FOTA files available for this device
0018111069,No FOTA files available for this device
0018040259,No FOTA files available for this device
0018111045,No FOTA files available for this device
0018090959,No FOTA files available for this device
0018070601,No FOTA files available for this device
0018070676,No FOTA files available for this device
0018040324,No FOTA files available for this device
0018040275,No FOTA files available for this device
0018070658,No FOTA files available for this device
0018070583,No FOTA files available for this device
0018070592,No FOTA files available for this device
0018070678,No FOTA files available for this device
0018070536,No FOTA files available for this device
0018040234,No FOTA files available for this device
0018090933,No FOTA files available for this device
0018090840,No FOTA files available for this device
0018040068,No FOTA files available for this device
0018070559,No FOTA files available for this device
0018040321,No FOTA files available for this device
0018070489,No FOTA files available for this device
0018090939,No FOTA files available for this device
0018070585,No FOTA files available for this device
0018070444,No FOTA files available for this device
0018111197,No FOTA files available for this device
0018040248,No FOTA files available for this device
0018040384,No FOTA files available for this device
0018040336,No FOTA files available for this device
0018070578,No FOTA files available for this device
0018111100,No FOTA files available for this device
0018040168,No FOTA files available for this device
0018090967,No FOTA files available for this device
0018070734,No FOTA files available for this device
0018040040,No FOTA files available for this device
0018040339,No FOTA files available for this device
0018111125,No FOTA files available for this device
0018040086,No FOTA files available for this device
0018091013,No FOTA files available for this device
0018090938,No FOTA files available for this device
0018040291,No FOTA files available for this device
0018111179,No FOTA files available for this device
0018070779,No FOTA files available for this device
0018040030,No FOTA files available for this device
0018111176,No FOTA files available for this device
0018040389,No FOTA files available for this device
0018040280,No FOTA files available for this device
0018070439,No FOTA files available for this device
0018040083,No FOTA files available for this device
0018111152,No FOTA files available for this device
0018090874,No FOTA files available for this device
0018070634,No FOTA files available for this device
0018090818,No FOTA files available for this device
0018040155,No FOTA files available for this device
0018070485,No FOTA files available for this device
0018070441,No FOTA files available for this device
0018040027,No FOTA files available for this device
0018090864,No FOTA files available for this device
0018090998,No FOTA files available for this device
0018090862,No FOTA files available for this device
0018090931,No FOTA files available for this device
0018090817,No FOTA files available for this device
0018040082,No FOTA files available for this device
0018040026,No FOTA files available for this device
0018090956,No FOTA files available for this device
0018040092,No FOTA files available for this device
0018040100,No FOTA files available for this device
0018040233,No FOTA files available for this device
0018040363,No FOTA files available for this device
0018040341,No FOTA files available for this device
0018040188,No FOTA files available for this device
0018070581,No FOTA files available for this device
0018111030,No FOTA files available for this device
0018070806,No FOTA files available for this device
0018070580,No FOTA files available for this device
0018040239,No FOTA files available for this device
0018040283,No FOTA files available for this device
0018040158,No FOTA files available for this device
0018070614,No FOTA files available for this device
0018040174,No FOTA files available for this device
0018040024,No FOTA files available for this device
0018040400,No FOTA files available for this device
0018111166,No FOTA files available for this device
0018040128,No FOTA files available for this device
0018040023,No FOTA files available for this device
0018090812,No FOTA files available for this device
0018070722,No FOTA files available for this device
0018040075,No FOTA files available for this device
0018040037,No FOTA files available for this device
0018070454,No FOTA files available for this device
0018040245,No FOTA files available for this device
0018070474,No FOTA files available for this device
0018070446,No FOTA files available for this device
0018040262,No FOTA files available for this device
0018070606,No FOTA files available for this device
0018070427,No FOTA files available for this device
0018070780,No FOTA files available for this device
0018070437,No FOTA files available for this device
0018070670,No FOTA files available for this device
0018040284,No FOTA files available for this device
0018090900,No FOTA files available for this device
0018070680,No FOTA files available for this device
0018040293,No FOTA files available for this device
0018040078,No FOTA files available for this device
0018090863,No FOTA files available for this device
0018090823,No FOTA files available for this device
0018070584,No FOTA files available for this device
0018040263,No FOTA files available for this device
0018090901,No FOTA files available for this device
0018040180,No FOTA files available for this device
0018111206,No FOTA files available for this device
0018040325,No FOTA files available for this device
0018090846,No FOTA files available for this device
0018040349,No FOTA files available for this device
0018040322,No FOTA files available for this device
0018040033,No FOTA files available for this device
0018040195,No FOTA files available for this device
0018070561,No FOTA files available for this device
0018111185,No FOTA files available for this device
0018040219,No FOTA files available for this device
0018040194,No FOTA files available for this device
0018090879,No FOTA files available for this device
0018040064,No FOTA files available for this device
0018040036,No FOTA files available for this device
0018070751,No FOTA files available for this device
0018040398,No FOTA files available for this device
0018070609,No FOTA files available for this device
0018111116,No FOTA files available for this device
0018070768,No FOTA files available for this device
0018111108,No FOTA files available for this device
0018111109,No FOTA files available for this device
0018111161,No FOTA files available for this device
0018090887,No FOTA files available for this device
0018070468,No FOTA files available for this device
0018111041,No FOTA files available for this device
0018070564,No FOTA files available for this device
0018070531,No FOTA files available for this device
0018040080,No FOTA files available for this device
0018040105,No FOTA files available for this device
0018070604,No FOTA files available for this device
0018040235,No FOTA files available for this device
0018040060,No FOTA files available for this device
0018090830,No FOTA files available for this device
0018040081,No FOTA files available for this device
0018070621,No FOTA files available for this device
0018111080,No FOTA files available for this device
0018040347,No FOTA files available for this device
0018040320,No FOTA files available for this device
0018111167,No FOTA files available for this device
0018040296,No FOTA files available for this device
0018090950,No FOTA files available for this device
0018070539,No FOTA files available for this device
0018090898,No FOTA files available for this device
0018111178,No FOTA files available for this device
0018040022,No FOTA files available for this device
0018070653,No FOTA files available for this device
0018070685,No FOTA files available for this device
0018111056,No FOTA files available for this device
0018111101,No FOTA files available for this device
0018040306,No FOTA files available for this device
0018090932,No FOTA files available for this device
0018090164,No FOTA files available for this device
0018040331,No FOTA files available for this device
0018111121,No FOTA files available for this device
0018111061,No FOTA files available for this device
0018070595,No FOTA files available for this device
0018070794,No FOTA files available for this device
0018040294,No FOTA files available for this device
0018111194,No FOTA files available for this device
0018040223,No FOTA files available for this device
0018040102,No FOTA files available for this device
0018070660,No FOTA files available for this device
0018090825,No FOTA files available for this device
0018070729,No FOTA files available for this device
0018090984,No FOTA files available for this device
0018040035,No FOTA files available for this device
0018040153,No FOTA files available for this device
0018070661,No FOTA files available for this device
0018040364,No FOTA files available for this device
0018070588,No FOTA files available for this device
0018040199,No FOTA files available for this device
0018111091,No FOTA files available for this device
0018090841,No FOTA files available for this device
0018040051,No FOTA files available for this device
0018070618,No FOTA files available for this device
0018070541,No FOTA files available for this device
0018091002,No FOTA files available for this device
0018040169,No FOTA files available for this device
0018090877,No FOTA files available for this device
0018070711,No FOTA files available for this device
0018070550,No FOTA files available for this device
0018040117,No FOTA files available for this device
0018111064,No FOTA files available for this device
0018070445,No FOTA files available for this device
0018090964,No FOTA files available for this device
0018040378,No FOTA files available for this device
0018090948,No FOTA files available for this device
0018111068,No FOTA files available for this device
0018070666,No FOTA files available for this device
0018040212,No FOTA files available for this device
0018070628,No FOTA files available for this device
0018040058,No FOTA files available for this device
0018040130,No FOTA files available for this device
0018090820,No FOTA files available for this device
0018040162,No FOTA files available for this device
0018101022,No FOTA files available for this device
0018090919,No FOTA files available for this device
0018040237,No FOTA files available for this device
0018070471,No FOTA files available for this device
0018111110,No FOTA files available for this device
0018070638,No FOTA files available for this device
0018090870,No FOTA files available for this device
0018040350,No FOTA files available for this device
0018040373,No FOTA files available for this device
0018040292,No FOTA files available for this device
0018090880,No FOTA files available for this device
0018040134,No FOTA files available for this device
0018040084,No FOTA files available for this device
0018070622,No FOTA files available for this device
0018091004,No FOTA files available for this device
0018040186,No FOTA files available for this device
0018070428,No FOTA files available for this device
0018040172,No FOTA files available for this device
0018090891,No FOTA files available for this device
0018111098,No FOTA files available for this device
0018070415,No FOTA files available for this device
0018111115,No FOTA files available for this device
0018070612,No FOTA files available for this device
0018070784,No FOTA files available for this device
0018040308,No FOTA files available for this device
0018070750,No FOTA files available for this device
0018070715,No FOTA files available for this device
0018070477,No FOTA files available for this device
0018111208,No FOTA files available for this device
0018070651,No FOTA files available for this device
0018070712,No FOTA files available for this device
0018040206,No FOTA files available for this device
0018070633,No FOTA files available for this device
0018040157,No FOTA files available for this device
0018111139,No FOTA files available for this device
0018111082,No FOTA files available for this device
0018111133,No FOTA files available for this device
0018090924,No FOTA files available for this device
0018040147,No FOTA files available for this device
0018090922,No FOTA files available for this device
0018090953,No FOTA files available for this device
0018090860,No FOTA files available for this device
0018090892,No FOTA files available for this device
0018090937,No FOTA files available for this device
0018070458,No FOTA files available for this device
0018070429,No FOTA files available for this device
0018090902,No FOTA files available for this device
0018111026,No FOTA files available for this device
0018040391,No FOTA files available for this device
0018070731,No FOTA files available for this device
0018040407,No FOTA files available for this device
0018091007,No FOTA files available for this device
0018091017,No FOTA files available for this device
0018090886,No FOTA files available for this device
0018111186,No FOTA files available for this device
0018111089,No FOTA files available for this device
0018070511,No FOTA files available for this device
0018040218,No FOTA files available for this device
0018090917,No FOTA files available for this device
0018090947,No FOTA files available for this device
0018070567,No FOTA files available for this device
0018040099,No FOTA files available for this device
0018070537,No FOTA files available for this device
0018111118,No FOTA files available for this device
0018070475,No FOTA files available for this device
0018090958,No FOTA files available for this device
0018070693,No FOTA files available for this device
0018111184,No FOTA files available for this device
0018111202,No FOTA files available for this device
0018070569,No FOTA files available for this device
0018111183,No FOTA files available for this device
0018040200,No FOTA files available for this device
0018111155,No FOTA files available for this device
0018090944,No FOTA files available for this device
0018111046,No FOTA files available for this device
0018070761,No FOTA files available for this device
0018111119,No FOTA files available for this device
0018040247,No FOTA files available for this device
0018090915,No FOTA files available for this device
0018040032,No FOTA files available for this device
0018040408,No FOTA files available for this device
0018090881,No FOTA files available for this device
0018040151,No FOTA files available for this device
0018040178,No FOTA files available for this device
0018070593,No FOTA files available for this device
0018111174,No FOTA files available for this device
0018070793,No FOTA files available for this device
0018090928,No FOTA files available for this device
0018040383,No FOTA files available for this device
0018090811,No FOTA files available for this device
0018040257,No FOTA files available for this device
0018090828,No FOTA files available for this device
0018070594,No FOTA files available for this device
0018070513,No FOTA files available for this device
0018111135,No FOTA files available for this device
0018111213,No FOTA files available for this device
0018040376,No FOTA files available for this device
0018090882,No FOTA files available for this device
0018111102,No FOTA files available for this device
0018040399,No FOTA files available for this device
0018040387,No FOTA files available for this device
0018111171,No FOTA files available for this device
0018111032,No FOTA files available for this device
0018090857,No FOTA files available for this device
0018040298,No FOTA files available for this device
0018040072,No FOTA files available for this device
0018070672,No FOTA files available for this device
0018040351,No FOTA files available for this device
0018090911,No FOTA files available for this device
0018040021,No FOTA files available for this device
0018070518,No FOTA files available for this device
0018090854,No FOTA files available for this device
0018070436,No FOTA files available for this device
0018070765,No FOTA files available for this device
0018070799,No FOTA files available for this device
0018070497,No FOTA files available for this device
0018040208,No FOTA files available for this device
0018070741,No FOTA files available for this device
0018111146,No FOTA files available for this device
0018070745,No FOTA files available for this device
0018070771,No FOTA files available for this device
0018040055,No FOTA files available for this device
0018070590,No FOTA files available for this device
0018040279,No FOTA files available for this device
0018090980,No FOTA files available for this device
0018070481,No FOTA files available for this device
0018070538,No FOTA files available for this device
0018111063,No FOTA files available for this device
0018040238,No FOTA files available for this device
0018070596,No FOTA files available for this device
0018040244,No FOTA files available for this device
0018040335,No FOTA files available for this device
0018040144,No FOTA files available for this device
0018090920,No FOTA files available for this device
0018111111,No FOTA files available for this device
0018040189,No FOTA files available for this device
0018040392,No FOTA files available for this device
0018111159,No FOTA files available for this device
0018111035,No FOTA files available for this device
0018040313,No FOTA files available for this device
0018040089,No FOTA files available for this device
0018040054,No FOTA files available for this device
0018070732,No FOTA files available for this device
0018070456,No FOTA files available for this device
0018070557,No FOTA files available for this device
0018111129,No FOTA files available for this device
0018040353,No FOTA files available for this device
0018070516,No FOTA files available for this device
0018090979,No FOTA files available for this device
0018040184,No FOTA files available for this device
0018090903,No FOTA files available for this device
0018090855,No FOTA files available for this device
0018040289,No FOTA files available for this device
0018040071,No FOTA files available for this device
0018040406,No FOTA files available for this device
0018090935,No FOTA files available for this device
0018040402,No FOTA files available for this device
0018040404,No FOTA files available for this device
0018111073,No FOTA files available for this device
0018090868,No FOTA files available for this device
0018090975,No FOTA files available for this device
0018070772,No FOTA files available for this device
0018040138,No FOTA files available for this device
0018040271,No FOTA files available for this device
0018111172,No FOTA files available for this device
0018111156,No FOTA files available for this device
0018090999,No FOTA files available for this device
0018111173,No FOTA files available for this device
0018040159,No FOTA files available for this device
0018070480,No FOTA files available for this device
0018070496,No FOTA files available for this device
0018070721,No FOTA files available for this device
0018070707,No FOTA files available for this device
0018040101,No FOTA files available for this device
0018111170,No FOTA files available for this device
0018040295,No FOTA files available for this device
0018111047,No FOTA files available for this device
0018040215,No FOTA files available for this device
0018090888,No FOTA files available for this device
0018040317,No FOTA files available for this device
0018040190,No FOTA files available for this device
0018090996,No FOTA files available for this device
0018070742,No FOTA files available for this device
0018090914,No FOTA files available for this device
0018090847,No FOTA files available for this device
0018091011,No FOTA files available for this device
0018111112,No FOTA files available for this device
0018090968,No FOTA files available for this device
0018111090,No FOTA files available for this device
0018111027,No FOTA files available for this device
0018040029,No FOTA files available for this device
0018040077,No FOTA files available for this device
0018040360,No FOTA files available for this device
0018040050,No FOTA files available for this device
0018090929,No FOTA files available for this device
0018010003,No FOTA files available for this device
0018070492,No FOTA files available for this device
0018070575,No FOTA files available for this device
0018070535,No FOTA files available for this device
0018111085,No FOTA files available for this device
0018111043,No FOTA files available for this device
0018070637,No FOTA files available for this device
0018070748,No FOTA files available for this device
0018090926,No FOTA files available for this device
0018070689,No FOTA files available for this device
0018070463,No FOTA files available for this device
0018111205,No FOTA files available for this device
0018090995,No FOTA files available for this device
0018070716,No FOTA files available for this device
0018070655,No FOTA files available for this device
0018070423,No FOTA files available for this device
0018070764,No FOTA files available for this device
0018070431,No FOTA files available for this device
0018070646,No FOTA files available for this device
0018090872,No FOTA files available for this device
0018111193,No FOTA files available for this device
0018070551,No FOTA files available for this device
0018111049,No FOTA files available for this device
0018070807,No FOTA files available for this device
0018070720,No FOTA files available for this device
0018111204,No FOTA files available for this device
0018070675,No FOTA files available for this device
0018070482,No FOTA files available for this device
0018070417,No FOTA files available for this device
0018070636,No FOTA files available for this device
0018111076,No FOTA files available for this device
0018070522,No FOTA files available for this device
0018070526,No FOTA files available for this device
0018070781,No FOTA files available for this device
0018111218,No FOTA files available for this device
0018111070,No FOTA files available for this device
0018040386,No FOTA files available for this device
0018070416,No FOTA files available for this device
0018070739,No FOTA files available for this device
0018070620,No FOTA files available for this device
0018111048,No FOTA files available for this device
0018070714,No FOTA files available for this device
0018070647,No FOTA files available for this device
0018111105,No FOTA files available for this device
0018070554,No FOTA files available for this device
0018070656,No FOTA files available for this device
0018070528,No FOTA files available for this device
0018070673,No FOTA files available for this device
0018070803,No FOTA files available for this device
0018070657,No FOTA files available for this device
0018070507,No FOTA files available for this device
0018070573,No FOTA files available for this device
0018070591,No FOTA files available for this device
0018090890,No FOTA files available for this device
0018070548,No FOTA files available for this device
0018070627,No FOTA files available for this device
0018070457,No FOTA files available for this device
0018070464,No FOTA files available for this device
0018090946,No FOTA files available for this device
0018070631,No FOTA files available for this device
0018070679,No FOTA files available for this device
0018070737,No FOTA files available for this device
0018070521,No FOTA files available for this device
0018070684,No FOTA files available for this device
0018070503,No FOTA files available for this device
0018070728,No FOTA files available for this device
0018070422,No FOTA files available for this device
0018070755,No FOTA files available for this device
0018070420,No FOTA files available for this device
0018111219,No FOTA files available for this device
0018070493,No FOTA files available for this device
0018070483,No FOTA files available for this device
0018070478,No FOTA files available for this device
0018090165,No FOTA files available for this device
0018070505,No FOTA files available for this device
0018070412,No FOTA files available for this device
0018070610,No FOTA files available for this device
0018070467,No FOTA files available for this device
0018090942,No FOTA files available for this device
0018090971,No FOTA files available for this device
0018070466,No FOTA files available for this device
0018111131,No FOTA files available for this device
0018040359,No FOTA files available for this device
0018070552,No FOTA files available for this device
0018070735,No FOTA files available for this device
0018040097,No FOTA files available for this device
0018070706,No FOTA files available for this device
0018040069,No FOTA files available for this device
0018070491,No FOTA files available for this device
0018090906,No FOTA files available for this device
0018070611,No FOTA files available for this device
0018070766,No FOTA files available for this device
0018090930,No FOTA files available for this device
0018040249,No FOTA files available for this device
0018070790,No FOTA files available for this device
0018070476,No FOTA files available for this device
0018070743,No FOTA files available for this device
0018070767,No FOTA files available for this device
0018040095,No FOTA files available for this device
0018040065,No FOTA files available for this device
0018070512,No FOTA files available for this device
0018040145,No FOTA files available for this device
0018090912,No FOTA files available for this device
0018070411,No FOTA files available for this device
0018040063,No FOTA files available for this device
0018070703,No FOTA files available for this device
0018070668,No FOTA files available for this device
0018070671,No FOTA files available for this device
0018070725,No FOTA files available for this device
0018070625,No FOTA files available for this device
0018070642,No FOTA files available for this device
0018070792,No FOTA files available for this device
0018070473,No FOTA files available for this device
0018111221,ASD_OTA-SW_v1.0.tar.gz
0018070643,No FOTA files available for this device
0018070727,ASD_OTA-SW_v1.0.tar.gz
0018040370,ASD_OTA-SW_v1.1.tar.gz
0018040216,ASD_OTA-SW_v1.1.tar.gz
0018090949,ASD_OTA-SW_v1.1.tar.gz
0018070762,ASD_OTA-SW_v1.1.tar.gz
0018040355,ASD_OTA-SW_v1.1.tar.gz
0018040240,ASD_OTA-SW_v1.1.tar.gz
0018040129,ASD_OTA-SW_v1.1.tar.gz
0018090962,ASD_OTA-SW_v1.1.tar.gz
0018090954,ASD_OTA-SW_v1.1.tar.gz
0018090844,ASD_OTA-SW_v1.1.tar.gz
0018111148,ASD_OTA-SW_v1.1.tar.gz
0018070461,ASD_OTA-SW_v1.1.tar.gz
0018111182,ASD_OTA-SW_v1.1.tar.gz
0018070488,ASD_OTA-SW_v1.1.tar.gz
0018111214,ASD_OTA-SW_v1.1.tar.gz
0018040207,ASD_OTA-SW_v1.1.tar.gz
0018090925,ASD_OTA-SW_v1.1.tar.gz
0018090989,ASD_OTA-SW_v1.1.tar.gz
0018040079,ASD_OTA-SW_v1.1.tar.gz
0018040044,ASD_OTA-SW_v1.1.tar.gz
0018111137,ASD_OTA-SW_v1.1.tar.gz
0018070654,ASD_OTA-SW_v1.1.tar.gz
0018111191,ASD_OTA-SW_v1.1.tar.gz
0018040124,ASD_OTA-SW_v1.1.tar.gz
0018091016,ASD_OTA-SW_v1.1.tar.gz
0018040127,ASD_OTA-SW_v1.1.tar.gz
0018070629,ASD_OTA-SW_v1.1.tar.gz
0018070576,ASD_OTA-SW_v1.1.tar.gz
0018090873,ASD_OTA-SW_v1.1.tar.gz
0018040261,ASD_OTA-SW_v1.1.tar.gz
0018040049,ASD_OTA-SW_v1.1.tar.gz
0018111117,ASD_OTA-SW_v1.1.tar.gz
0018090990,ASD_OTA-SW_v1.1.tar.gz
0018090973,ASD_OTA-SW_v1.1.tar.gz
0018090992,ASD_OTA-SW_v1.1.tar.gz
0018070565,ASD_OTA-SW_v1.1.tar.gz
0018070690,ASD_OTA-SW_v1.1.tar.gz
0018111062,ASD_OTA-SW_v1.1.tar.gz
0018040312,ASD_OTA-SW_v1.1.tar.gz
0018090866,ASD_OTA-SW_v1.1.tar.gz
0018070797,ASD_OTA-SW_v1.1.tar.gz
0018070795,ASD_OTA-SW_v1.1.tar.gz
0018111050,ASD_OTA-SW_v1.1.tar.gz
0018111024,No FOTA files available for this device
0018070674,ASD_OTA-SW_v1.1.tar.gz
0018040225,ASD_OTA-SW_v1.1.tar.gz
0018070632,ASD_OTA-SW_v1.1.tar.gz
0018040209,ASD_OTA-SW_v1.1.tar.gz
0018040185,ASD_OTA-SW_v1.1.tar.gz
0018070546,ASD_OTA-SW_v1.1.tar.gz
0018040198,ASD_OTA-SW_v1.1.tar.gz
0018040302,ASD_OTA-SW_v1.1.tar.gz
0018070414,ASD_OTA-SW_v1.1.tar.gz
0018040379,ASD_OTA-SW_v1.1.tar.gz
0018070462,ASD_OTA-SW_v1.1.tar.gz
0018040020,ASD_OTA-SW_v1.1.tar.gz
0018070630,ASD_OTA-SW_v1.1.tar.gz
0018070459,ASD_OTA-SW_v1.1.tar.gz
0018111033,ASD_OTA-SW_v1.1.tar.gz
0018070746,ASD_OTA-SW_v1.1.tar.gz
0018090972,No FOTA files available for this device
0018070545,No FOTA files available for this device
0018040087,No FOTA files available for this device
0018111145,No FOTA files available for this device
0018070600,ASD_OTA-SW_v1.1.tar.gz
0018070530,ASD_OTA-SW_v1.1.tar.gz
0018010005,ASD_OTA-SW_v1.1.tar.gz
0018070805,ASD_OTA-SW_v1.0.tar.gz
0018070544,ASD_OTA-SW_v1.0.tar.gz
0018070543,ASD_OTA-SW_v1.0.tar.gz
0018070769,ASD_OTA-SW_v1.1.tar.gz
0018070723,ASD_OTA-SW_v1.1.tar.gz
0018070418,ASD_OTA-SW_v1.1.tar.gz
0018070452,ASD_OTA-SW_v1.1.tar.gz
0018070664,ASD_OTA-SW_v1.1.tar.gz
0018070726,ASD_OTA-SW_v1.1.tar.gz
0018111216,ASD_OTA-SW_v1.1.tar.gz
0018111095,ASD_OTA-SW_v1.1.tar.gz
0018111051,ASD_OTA-SW_v1.1.tar.gz
0018040226,ASD_OTA-SW_v1.1.tar.gz
0018111106,ASD_OTA-SW_v1.1.tar.gz
0018040273,ASD_OTA-SW_v1.1.tar.gz
0018090970,ASD_OTA-SW_v1.1.tar.gz
0018090943,ASD_OTA-SW_v1.1.tar.gz
0018090859,ASD_OTA-SW_v1.1.tar.gz
0018090826,ASD_OTA-SW_v1.1.tar.gz
0018090829,ASD_OTA-SW_v1.1.tar.gz
0018040123,ASD_OTA-SW_v1.1.tar.gz
0018040368,ASD_OTA-SW_v1.1.tar.gz
0018070776,ASD_OTA-SW_v1.1.tar.gz
0018111086,ASD_OTA-SW_v1.1.tar.gz
0018111092,ASD_OTA-SW_v1.1.tar.gz
0018091010,ASD_OTA-SW_v1.1.tar.gz
0018040112,ASD_OTA-SW_v1.1.tar.gz
0018040088,ASD_OTA-SW_v1.1.tar.gz
0018040282,ASD_OTA-SW_v1.1.tar.gz
0018070788,ASD_OTA-SW_v1.1.tar.gz
0018070713,ASD_OTA-SW_v1.1.tar.gz
0018070650,ASD_OTA-SW_v1.1.tar.gz
0018090961,ASD_OTA-SW_v1.1.tar.gz
0018090960,ASD_OTA-SW_v1.1.tar.gz
0018040191,ASD_OTA-SW_v1.1.tar.gz
0018040409,ASD_OTA-SW_v1.1.tar.gz
0018070623,ASD_OTA-SW_v1.1.tar.gz
0018070571,ASD_OTA-SW_v1.1.tar.gz
0018070652,ASD_OTA-SW_v1.1.tar.gz
0018090876,ASD_OTA-SW_v1.1.tar.gz
0018070683,ASD_OTA-SW_v1.1.tar.gz
0018070648,ASD_OTA-SW_v1.1.tar.gz
0018070607,ASD_OTA-SW_v1.1.tar.gz
0018070697,ASD_OTA-SW_v1.1.tar.gz
0018070430,ASD_OTA-SW_v1.1.tar.gz
0018070744,ASD_OTA-SW_v1.1.tar.gz
0018070532,ASD_OTA-SW_v1.1.tar.gz
0018070519,ASD_OTA-SW_v1.1.tar.gz
0018070605,ASD_OTA-SW_v1.1.tar.gz
0018070509,ASD_OTA-SW_v1.1.tar.gz
0018090976,ASD_OTA-SW_v1.1.tar.gz
0018040056,ASD_OTA-SW_v1.1.tar.gz
0018090819,ASD_OTA-SW_v1.1.tar.gz
0018040131,ASD_OTA-SW_v1.1.tar.gz
0018040094,ASD_OTA-SW_v1.1.tar.gz
0018040126,ASD_OTA-SW_v1.1.tar.gz
0018040258,ASD_OTA-SW_v1.1.tar.gz
0018040401,ASD_OTA-SW_v1.1.tar.gz
0018040066,ASD_OTA-SW_v1.1.tar.gz
0018040348,ASD_OTA-SW_v1.1.tar.gz
0018040061,ASD_OTA-SW_v1.1.tar.gz
0018090923,ASD_OTA-SW_v1.1.tar.gz
0018090865,ASD_OTA-SW_v1.1.tar.gz
0018040132,ASD_OTA-SW_v1.1.tar.gz
0018070443,ASD_OTA-SW_v1.1.tar.gz
0018090918,ASD_OTA-SW_v1.1.tar.gz
0018040221,ASD_OTA-SW_v1.1.tar.gz
0018040403,ASD_OTA-SW_v1.1.tar.gz
0018040119,ASD_OTA-SW_v1.1.tar.gz
0018040365,ASD_OTA-SW_v1.1.tar.gz
0018040042,ASD_OTA-SW_v1.1.tar.gz
0018040121,ASD_OTA-SW_v1.1.tar.gz
0018040396,ASD_OTA-SW_v1.1.tar.gz
0018040362,ASD_OTA-SW_v1.1.tar.gz
0018040265,ASD_OTA-SW_v1.1.tar.gz
0018040366,ASD_OTA-SW_v1.1.tar.gz
0018040211,ASD_OTA-SW_v1.1.tar.gz
0018040038,ASD_OTA-SW_v1.1.tar.gz
0018040110,ASD_OTA-SW_v1.1.tar.gz
0018040397,ASD_OTA-SW_v1.1.tar.gz
0018040213,ASD_OTA-SW_v1.1.tar.gz
0018040111,ASD_OTA-SW_v1.1.tar.gz
0018040220,ASD_OTA-SW_v1.1.tar.gz
0018111210,ASD_OTA-SW_v1.1.tar.gz
0018090940,ASD_OTA-SW_v1.1.tar.gz
0018111083,ASD_OTA-SW_v1.1.tar.gz
0018111209,ASD_OTA-SW_v1.1.tar.gz
0018111052,ASD_OTA-SW_v1.1.tar.gz
0018040047,ASD_OTA-SW_v1.1.tar.gz
0018040230,ASD_OTA-SW_v1.1.tar.gz
0018040179,ASD_OTA-SW_v1.1.tar.gz
0018040231,ASD_OTA-SW_v1.1.tar.gz
0018040052,ASD_OTA-SW_v1.1.tar.gz
0018111077,ASD_OTA-SW_v1.1.tar.gz
0018040405,ASD_OTA-SW_v1.1.tar.gz
0018040228,ASD_OTA-SW_v1.1.tar.gz
0018040224,ASD_OTA-SW_v1.1.tar.gz
0018040062,ASD_OTA-SW_v1.1.tar.gz
0018040160,ASD_OTA-SW_v1.1.tar.gz
0018111212,ASD_OTA-SW_v1.1.tar.gz
0018040197,ASD_OTA-SW_v1.1.tar.gz
0018040303,ASD_OTA-SW_v1.1.tar.gz
0018040196,ASD_OTA-SW_v1.1.tar.gz
0018040352,ASD_OTA-SW_v1.1.tar.gz
0018040281,ASD_OTA-SW_v1.1.tar.gz
0018090991,ASD_OTA-SW_v1.1.tar.gz
0018070572,ASD_OTA-SW_v1.1.tar.gz
0018091019,ASD_OTA-SW_v1.1.tar.gz
0018070659,ASD_OTA-SW_v1.1.tar.gz
0018090839,ASD_OTA-SW_v1.1.tar.gz
0018090831,ASD_OTA-SW_v1.1.tar.gz
0018090849,ASD_OTA-SW_v1.1.tar.gz
0018090837,ASD_OTA-SW_v1.1.tar.gz
0018111058,ASD_OTA-SW_v1.1.tar.gz
0018111031,ASD_OTA-SW_v1.1.tar.gz
0018111042,ASD_OTA-SW_v1.1.tar.gz
0018040276,ASD_OTA-SW_v1.1.tar.gz
0018040170,ASD_OTA-SW_v1.1.tar.gz
0018111099,ASD_OTA-SW_v1.1.tar.gz
0018070619,ASD_OTA-SW_v1.1.tar.gz
0018040109,ASD_OTA-SW_v1.1.tar.gz
0018070626,ASD_OTA-SW_v1.1.tar.gz
0018070500,ASD_OTA-SW_v1.1.tar.gz
0018070777,ASD_OTA-SW_v1.1.tar.gz
0018111177,ASD_OTA-SW_v1.1.tar.gz
0018111192,ASD_OTA-SW_v1.1.tar.gz
0018111200,ASD_OTA-SW_v1.1.tar.gz
0018040025,ASD_OTA-SW_v1.1.tar.gz
0018040274,ASD_OTA-SW_v1.1.tar.gz
0018070608,ASD_OTA-SW_v1.1.tar.gz
0018070709,ASD_OTA-SW_v1.1.tar.gz
0018070791,ASD_OTA-SW_v1.1.tar.gz
0018111122,ASD_OTA-SW_v1.1.tar.gz
0018111136,No FOTA files available for this device
0018111138,ASD_OTA-SW_v1.1.tar.gz
0018111149,ASD_OTA-SW_v1.1.tar.gz
0018111150,ASD_OTA-SW_v1.1.tar.gz
0018111168,ASD_OTA-SW_v1.1.tar.gz
0018111180,ASD_OTA-SW_v1.1.tar.gz
0018090908,ASD_OTA-SW_v1.1.tar.gz
0018111132,ASD_OTA-SW_v1.1.tar.gz
0018111165,ASD_OTA-SW_v1.1.tar.gz
0018111163,ASD_OTA-SW_v1.1.tar.gz
0018090977,ASD_OTA-SW_v1.1.tar.gz
0018111162,ASD_OTA-SW_v1.1.tar.gz
0018040059,ASD_OTA-SW_v1.1.tar.gz
0018090907,ASD_OTA-SW_v1.1.tar.gz
0018070410,ASD_OTA-SW_v1.0.tar.gz
0018070424,ASD_OTA-SW_v1.0.tar.gz
0018070700,ASD_OTA-SW_v1.0.tar.gz
0018070555,ASD_OTA-SW_v1.0.tar.gz
0018070645,ASD_OTA-SW_v1.0.tar.gz
0018070649,ASD_OTA-SW_v1.0.tar.gz
0018070756,ASD_OTA-SW_v1.0.tar.gz
0018070451,ASD_OTA-SW_v1.0.tar.gz
0018070534,ASD_OTA-SW_v1.0.tar.gz
0018070438,ASD_OTA-SW_v1.0.tar.gz
0018111222,ASD_OTA-SW_v1.0.tar.gz
0018070692,ASD_OTA-SW_v1.0.tar.gz
0018070421,ASD_OTA-SW_v1.0.tar.gz
0018070677,ASD_OTA-SW_v1.0.tar.gz
0018010006,ASD_OTA-SW_v1.0.tar.gz
0018070502,ASD_OTA-SW_v1.0.tar.gz
0018070568,ASD_OTA-SW_v1.0.tar.gz
0018070699,ASD_OTA-SW_v1.0.tar.gz
0018070808,ASD_OTA-SW_v1.0.tar.gz
0018070624,ASD_OTA-SW_v1.0.tar.gz
0018111203,ASD_OTA-SW_v1.0.tar.gz
0018070691,ASD_OTA-SW_v1.0.tar.gz
